# word<TAB>flags: v = verb -ent silent, n = -ent pronounced, d = -ier verb (diérèse), s = verb -ions/-iez (synérèse).
# From Wiktionary via kaikki.org (CC BY-SA 4.0); built by scripts/build_french_lexicon.py.
abaissaient	v
abaissement	n
abaissent	v
abaissiez	s
abandonnaient	v
abandonnement	n
abandonnent	v
abattement	n
abattent	v
abattions	s
abhorrent	v
aboiement	n
aboient	v
abominablement	n
abondaient	v
abondamment	n
abondent	v
abonnement	n
abordent	v
aboutissement	n
aboutissent	v
abreuvent	v
abritent	v
abrutissement	n
abrègent	v
absent	n
absolument	n
absorbent	v
abusaient	v
abusent	v
abusiez	s
abusivement	n
abîment	v
accablement	n
accent	n
accentuent	v
acceptaient	v
acceptent	v
accessoirement	n
accident	n
accidentellement	n
acclament	v
accommodement	n
accompagnaient	v
accompagnement	n
accompagnent	v
accompagneraient	v
accomplissement	n
accomplissent	v
accordent	v
accouchement	n
accouchent	v
accouplement	n
accouplent	v
accouraient	v
accourent	v
accoururent	v
accoutrement	n
accrochent	v
accroissement	n
accroissent	v
accueillent	v
accumulaient	v
accumulent	v
accusent	v
accuseraient	v
accèdent	v
accélèrent	v
acharnement	n
acheminement	n
achevaient	v
achètent	v
achèvement	n
achèvent	v
acquittement	n
acquièrent	v
actions	s
activement	n
activent	v
actuellement	n
adaptent	v
adhèrent	v
adhérent	n
adjacent	n
admettent	v
administrativement	n
admirablement	n
admiraient	v
admirent	v
admirions	s
admissions	s
adolescent	n
adoptaient	v
adoptent	v
adoptèrent	v
adorablement	n
adoraient	v
adorent	v
adoucissement	n
adoucissent	v
adressent	v
adressiez	s
adroitement	n
adéquatement	n
affaiblissement	n
affaissement	n
affaissent	v
affalent	v
affectent	v
affections	s
affectueusement	n
affichent	v
affilié	d
affirment	v
affligent	v
affolement	n
affranchissement	n
affreusement	n
affrontement	n
affrontent	v
affublement	n
agacement	n
agacent	v
agencement	n
agenouillaient	v
agent	n
agglomèrent	v
aggravent	v
agilement	n
agissent	v
agitaient	v
agitent	v
agonisent	v
agrandissement	n
agrandissent	v
agressent	v
agressions	s
agréablement	n
agrément	n
aident	v
aient	v
aigrement	n
aigrissaient	v
aiguillonnaient	v
aillent	v
aimaient	v
aiment	v
aimeraient	v
aimeriez	s
aimerions	s
aimiez	s
aimions	s
aimèrent	v
aisément	n
ajournement	n
ajoutent	v
ajustement	n
ajustèrent	v
alignement	n
alignent	v
aliment	n
alimentent	v
allaient	v
allaitement	n
allaiteraient	v
alliant	d
allie	d
allient	dv
allier	d
alliez	ds
allions	ds
allongeaient	v
allongement	n
allongent	v
allongèrent	v
allumaient	v
allument	v
allègement	n
allègrement	n
allèrent	v
allégement	n
allégrement	n
alternativement	n
alternent	v
aléatoirement	n
amendement	n
amenèrent	v
ameublement	n
amicalement	n
amoncelaient	v
amoncellent	v
amortissement	n
amortissent	v
amoureusement	n
amplement	n
amplifie	d
amplifier	d
amplifié	d
amusaient	v
amusement	n
amusent	v
amusions	s
amènent	v
amèrement	n
améliorent	v
aménagement	n
analysent	v
anciennement	n
angéliquement	n
animent	v
annoncent	v
annoncèrent	v
annonçaient	v
annuellement	n
annulent	v
anonymement	n
anormalement	n
antécédent	n
antérieurement	n
anéantissement	n
apaisaient	v
apaisement	n
apaisent	v
aperçoivent	v
apitoiement	n
apparaissaient	v
apparaissent	v
appareillaient	v
apparemment	n
apparent	n
appartement	n
appartenaient	v
appartiennent	v
apparurent	v
appauvrissement	n
appelaient	v
appeliez	s
appellent	v
appelleraient	v
applaudirent	v
applaudissent	v
appliquent	v
apportaient	v
apportent	v
apportèrent	v
apprennent	v
apprirent	v
approchent	v
approfondissement	n
approprie	d
approprier	d
approuvent	v
approvisionnement	n
approximativement	n
appréciait	d
appréciant	d
apprécie	d
apprécient	dv
apprécier	d
appréciera	d
apprécieront	d
apprécies	d
appréciez	d
apprécions	d
apprécié	d
apprêtent	v
appuient	v
appuyaient	v
arbitrairement	n
ardemment	n
argent	n
argentaient	v
argentent	v
argument	n
armement	n
arment	v
arpent	n
arrachaient	v
arrachement	n
arrachent	v
arrangement	n
arrangent	v
arrivaient	v
arrivent	v
arriverions	s
arrivèrent	v
arrondissement	n
arrosèrent	v
arrêtaient	v
arrêtent	v
arrêtions	s
arrêtèrent	v
artificiellement	n
artistement	n
ascendaient	v
ascendent	v
aspergent	v
aspirent	v
assaillent	v
assainissement	n
assaisonnement	n
assemblaient	v
assemblent	v
assentiment	n
asservissement	n
assidûment	n
assirent	v
assistent	v
associant	d
associe	d
associent	dv
associer	d
associerais	d
associez	d
assoient	v
assortiment	n
assouplissement	n
assourdissent	v
assouvissement	n
assument	v
assuraient	v
assurent	v
assurément	n
assénaient	v
atermoiement	n
atrocement	n
attachement	n
attachent	v
attaquent	v
atteignent	v
atteindraient	v
attendaient	v
attendent	v
attendiez	s
attendions	s
attendrirent	v
attendrissement	n
attendrissent	v
attentions	s
attentivement	n
attestaient	v
attestent	v
attiraient	v
attirent	v
attouchement	n
attribuent	v
attroupement	n
aucunement	n
auditions	s
augmentent	v
auraient	v
auriez	s
aurions	s
autofinancement	n
automatiquement	n
autorisent	v
autrement	n
auvent	n
avaient	v
avancement	n
avancent	v
avanciez	s
avancions	s
avançaient	v
avarement	n
avent	n
avertissement	n
aveuglaient	v
aveuglement	n
aveuglément	n
avidement	n
aviez	s
avilissement	n
avions	s
avortement	n
avortent	v
avouent	v
avènement	n
avèrent	v
baignaient	v
baignent	v
baignèrent	v
baisaient	v
baisent	v
baisions	s
baissaient	v
baissent	v
baladent	v
balancement	n
balancent	v
balançaient	v
balbutiais	d
balbutie	d
balbutient	dv
ballottement	n
bannissement	n
baraquement	n
barbouillaient	v
barraient	v
barrent	v
basculement	n
basent	v
bastiment	n
battaient	v
battement	n
battent	v
battiez	s
battions	s
battirent	v
bavaient	v
benoîtement	n
bercement	n
bercent	v
berciez	s
berçaient	v
besogniez	s
beuglaient	v
beuglement	n
beuglent	v
bizarrement	n
blanchiment	n
blanchissaient	v
blanchissent	v
blasphémaient	v
blessent	v
bleuissement	n
bloquent	v
blâmions	s
blêmissent	v
boivent	v
bombaient	v
bombardement	n
bombardent	v
bombent	v
bondissaient	v
bondissent	v
boniment	n
bonnement	n
bordaient	v
bordent	v
bornent	v
bossent	v
boudent	v
bouffent	v
bougent	v
bougrement	n
bouillonnement	n
boulent	v
bouleversement	n
bourdonnement	n
bourdonnent	v
bourrent	v
bousculent	v
braillent	v
brandissaient	v
brandissent	v
brassaient	v
bravaient	v
bravement	n
bravent	v
brillaient	v
brillamment	n
brillent	v
brillèrent	v
brisaient	v
brisent	v
brisiez	s
brièvement	n
brodent	v
broutaient	v
broutent	v
broutèrent	v
broyaient	v
bruissement	n
bruissent	v
brusquement	n
brutalement	n
bruyamment	n
brûlaient	v
brûlent	v
burlesquement	n
butinaient	v
butinent	v
buvaient	v
bâfraient	v
bâillaient	v
bâillement	n
bâillent	v
bâtiment	n
bâtissent	v
béatement	n
bégaiement	n
bénissaient	v
bénissent	v
bénéficiaient	dv
bénéficiait	d
bénéficiant	d
bénéficie	d
bénéficient	dv
bénéficier	d
bénéficiera	d
bénéficieront	d
bénéficiez	d
bénéficié	d
bénévolement	n
bêchent	v
bêlement	n
bêlent	v
bêtement	n
cabraient	v
cabrent	v
cachaient	v
cachent	v
calmement	n
calomnié	d
camions	s
campaient	v
campement	n
campent	v
cantonnement	n
captent	v
caractérisent	v
caressaient	v
caressent	v
carrément	n
cascadaient	v
cassaient	v
cassement	n
cassent	v
catégoriquement	n
causent	v
causions	s
censément	n
cent	n
cernent	v
certainement	n
certifie	d
certifier	d
cessaient	v
cessent	v
cessions	s
cessèrent	v
chaleureusement	n
changeaient	v
changement	n
changent	v
chantaient	v
chantent	v
chanteriez	s
chantiez	s
chantions	s
chantèrent	v
chargement	n
chargent	v
charmaient	v
charment	v
charrie	d
charrier	d
charrié	d
chassent	v
chassiez	s
chastement	n
chaudement	n
chauffaient	v
chauffent	v
chaussent	v
cheminaient	v
cheminement	n
cheminent	v
cherchaient	v
cherchent	v
cherchiez	s
cherchèrent	v
chevauchent	v
chie	d
chiendent	n
chier	d
chiffrement	n
chimiquement	n
chié	d
choient	v
choisirent	v
choisissent	v
choquaient	v
choquent	v
chronologiquement	n
chuchotaient	v
chuchotement	n
chutent	v
châtia	d
châtiant	d
châtias	d
châtie	d
châtier	d
châtiez	d
châtiment	n
chèrement	n
ciblent	v
ciment	n
cinglaient	v
circulaient	v
circulent	v
citent	v
clairement	n
clandestinement	n
clapotement	n
claquement	n
claquent	v
clarifier	d
clarifié	d
classement	n
classent	v
classiquement	n
client	n
clignent	v
cliniquement	n
cliquetaient	v
closent	v
clouaient	v
clément	n
coefficient	n
coexistent	v
cognent	v
cohabitent	v
cohérent	n
coiffaient	v
coiffent	v
collaborent	v
collaient	v
collections	s
collectivement	n
collent	v
colorié	d
combattaient	v
combattent	v
combattions	s
combattraient	v
combinent	v
comblaient	v
commandement	n
commandent	v
commencement	n
commencent	v
commencions	s
commencèrent	v
commentent	v
commençaient	v
commercialement	n
commettent	v
commissions	s
communier	d
communiquent	v
communément	n
comparativement	n
comparent	v
compartiment	n
compensent	v
compliment	n
compliquent	v
complètement	n
complètent	v
complément	n
complétement	n
comportaient	v
comportement	n
comportent	v
composent	v
composions	s
comprenaient	v
comprennent	v
compressions	s
comptaient	v
comptent	v
compterions	s
comptiez	s
compétent	n
concentrent	v
concernaient	v
concernent	v
conceviez	s
concevions	s
concilier	d
concluaient	v
concluent	v
concourent	v
concrètement	n
concupiscent	n
concurrent	n
condamnaient	v
condamnent	v
conditionnement	n
conduiraient	v
conduisaient	v
conduisent	v
confessions	s
confia	d
confiais	d
confiait	d
confident	n
confie	d
confient	dv
confier	d
confinement	n
confirment	v
confié	d
confondaient	v
confondent	v
conformément	n
confortablement	n
confusément	n
confèrent	v
congédié	d
conjointement	n
connaissaient	v
connaissent	v
connaissiez	s
connaissions	s
connections	s
consacrent	v
consciemment	n
conscient	n
conseillent	v
consentement	n
conservent	v
considèrent	v
considérablement	n
considéraient	v
consistent	v
consolent	v
consomment	v
conspirent	v
constamment	n
constatent	v
constituaient	v
constituent	v
construisent	v
consultent	v
consultèrent	v
conséquemment	n
conséquent	n
contemplaient	v
contemplent	v
contenaient	v
contentement	n
contentent	v
contestent	v
contiennent	v
continent	n
contingent	n
continrent	v
continuaient	v
continuellement	n
continuent	v
continuèrent	v
contournement	n
contractions	s
contraignirent	v
contrairement	n
contrarie	d
contrarier	d
contredisent	v
contribuent	v
contrôlent	v
convalescent	n
convenablement	n
convenaient	v
convergent	v
conversaient	v
conversions	s
convertissent	v
conviait	d
convie	d
conviennent	v
convient	dv
convier	d
convinrent	v
convié	d
convoitent	v
conçoivent	v
copier	d
copieusement	n
copié	d
cordialement	n
correctement	n
correspondaient	v
correspondent	v
corrompent	v
couchaient	v
couchent	v
couchèrent	v
coudoiement	n
coulaient	v
coulent	v
coulèrent	v
coupaient	v
coupent	v
courageusement	n
couraient	v
couramment	n
courbent	v
courent	v
couriez	s
courions	s
couronnement	n
couronnent	v
courtisent	v
couvraient	v
couvrent	v
coïncident	v
coûtent	v
crachent	v
craignaient	v
craignent	v
craquaient	v
craquement	n
creusaient	v
creusement	n
creusent	v
cria	d
criai	d
criaient	dv
criais	d
criait	d
crias	d
criblent	v
crient	dv
crier	d
crieraient	dv
crierons	d
crieront	d
criez	d
crispaient	v
crispent	v
critiquent	v
crièrent	dv
crié	d
croassent	v
croient	v
croiraient	v
croiriez	s
croisement	n
croisent	v
croissent	v
croquent	v
croulent	v
croyaient	v
croîtraient	v
crucifié	d
cruellement	n
crurent	v
crussent	v
crânement	n
crèvent	v
crèverions	s
créent	v
crépitaient	v
crépitent	v
cueillaient	v
cueillent	v
cueillirent	v
cuirassent	v
cuisent	v
cultivent	v
culturellement	n
cumulent	v
curaient	v
curieusement	n
cuvaient	v
cyniquement	n
cèdent	v
cédaient	v
célèbrent	v
célébraient	v
côtoient	v
côtoyaient	v
dangereusement	n
dansaient	v
dansent	v
danseraient	v
dansiez	s
dansèrent	v
dardaient	v
dardent	v
datent	v
demandaient	v
demandent	v
demandions	s
demandèrent	v
demeuraient	v
demeurent	v
demeurions	s
demeurèrent	v
densément	n
dent	n
dernièrement	n
descellent	v
descendaient	v
descendent	v
descendirent	v
dessaisissement	n
desservent	v
dessinent	v
dessiniez	s
dessèchent	v
deuxièmement	n
devaient	v
devenaient	v
deviendraient	v
deviennent	v
deviez	s
devinent	v
devinrent	v
devions	s
devisent	v
devisions	s
devraient	v
devriez	s
devrions	s
dialoguaient	v
dialoguent	v
diamétralement	n
difficilement	n
diffusent	v
diffusions	s
diffèrent	v
différemment	n
différencie	d
différencient	dv
différencier	d
différent	n
dignement	n
digressions	s
diligent	n
diminuent	v
diraient	v
directement	n
directions	s
dirent	v
diriez	s
dirigeaient	v
dirigent	v
dirions	s
disaient	v
discernement	n
discrètement	n
discutent	v
discuteraient	v
discutions	s
disent	v
disiez	s
disions	s
disparaissent	v
dispensent	v
dispersent	v
disposaient	v
disposent	v
disputaient	v
disputent	v
disqualifier	d
disqualifié	d
dissident	n
dissimulent	v
dissipent	v
dissiperions	s
dissocier	d
distinctement	n
distinguent	v
distraient	v
distraitement	n
distribuent	v
diversifier	d
divertissement	n
divinement	n
divisent	v
divisions	s
divorcent	v
docilement	n
doctement	n
document	n
doivent	v
dolemment	n
domicilié	d
dominent	v
domptaient	v
donnaient	v
donnent	v
donneraient	v
donniez	s
donnèrent	v
dorent	v
dormaient	v
dorment	v
dormiez	s
dormissent	v
doublement	n
doublent	v
doucement	n
douillettement	n
douloureusement	n
doutent	v
draguent	v
drastiquement	n
dressaient	v
dressent	v
drôlement	n
durablement	n
durcissement	n
durement	n
durent	v
dussent	v
dussiez	s
dysfonctionnement	n
débarquement	n
débarquent	v
débattent	v
débinent	v
déboisement	n
débordement	n
débordent	v
débouchaient	v
débouchent	v
débutent	v
décampaient	v
décemment	n
décent	n
déchargement	n
déchaînement	n
déchaînent	v
déchiraient	v
déchirent	v
décident	v
décidèrent	v
décidément	n
déclamaient	v
déclarent	v
déclassement	n
déclenchement	n
déclenchent	v
déclinent	v
déconcertent	v
décoraient	v
découlent	v
découragement	n
découvrent	v
découvrirent	v
décrier	d
décrivent	v
décrié	d
décrochent	v
dédaignaient	v
dédaignent	v
dédia	d
dédiant	d
dédie	d
dédier	d
dédié	d
dédommagement	n
dédoublement	n
défendaient	v
défendent	v
défensivement	n
déferlaient	v
déferlement	n
défie	d
défient	dv
défier	d
défiez	d
défilent	v
défilèrent	v
définissent	v
définitivement	n
défié	d
dégagement	n
dégagent	v
dégradent	v
dégrossissaient	v
déguisement	n
déifie	d
délabrement	n
délaissement	n
délassement	n
déliait	d
délibérément	n
délicatement	n
délicieusement	n
délie	d
délient	dv
délier	d
déliez	d
délivrent	v
démantèlement	n
démarrent	v
démembrement	n
dément	n
démentent	v
démesurément	n
démissions	s
démocratiquement	n
démontrent	v
déménagement	n
déménagent	v
déneigement	n
dénichent	v
dénie	d
dénigrement	n
dénié	d
dénoncent	v
dénouaient	v
dénouement	n
dénoûment	n
dénûment	n
département	n
dépassaient	v
dépassement	n
dépassent	v
dépaysement	n
dépendent	v
dépensent	v
déplacement	n
déplacent	v
dépliaient	dv
dépliait	d
déplie	d
déploiement	n
déploient	v
déplorent	v
déployaient	v
déposent	v
dépouillaient	v
dépouillement	n
dépressions	s
dépérissent	v
dépêchaient	v
dérangement	n
dérangent	v
déridaient	v
dérivent	v
dérobaient	v
dérobent	v
déroulaient	v
déroulement	n
déroulent	v
dérouliez	s
dérèglement	n
désagrément	n
désarmement	n
désengagement	n
désertent	v
désespèrent	v
désespérément	n
désignent	v
désiraient	v
désirent	v
désistement	n
désunissent	v
détachement	n
détachent	v
détaillaient	v
déterminent	v
détestent	v
détiennent	v
détournement	n
détournent	v
détourniez	s
détriment	n
détruisent	v
développement	n
développent	v
déversement	n
dévident	v
dévie	d
dévier	d
dévié	d
dévoilent	v
dévoraient	v
dévorent	v
dévotement	n
dévouement	n
dévoûment	n
dînent	v
dînions	s
dûment	n
effacement	n
effacent	v
effarement	n
effarèrent	v
effaçaient	v
effectivement	n
effectuent	v
effeuillaient	v
effeuillent	v
efficacement	n
effleurent	v
effondraient	v
effondrement	n
effondrent	v
effrayaient	v
effrayèrent	v
effroyablement	n
emballement	n
emballent	v
embarquement	n
embarquent	v
embarquèrent	v
embaumaient	v
embaument	v
embellissement	n
embellissent	v
embranchement	n
embrasement	n
embrassaient	v
embrassement	n
embrassent	v
embusquaient	v
emmenèrent	v
emmènent	v
emplacement	n
emplirent	v
emplissent	v
emploient	v
empoignent	v
empoisonnement	n
empoisonnent	v
emportaient	v
emportement	n
emportent	v
empressaient	v
empressement	n
empressent	v
emprisonnement	n
empruntent	v
empêchaient	v
empêchement	n
empêchent	v
encadraient	v
encadrement	n
encadrent	v
encaissent	v
encerclement	n
enchantaient	v
enchantement	n
enchantent	v
enchantiez	s
enchaînement	n
enchaînent	v
enchevêtrement	n
encombraient	v
encombrement	n
encombrent	v
encouragement	n
encouragent	v
endettement	n
endorment	v
endurcirent	v
enfantement	n
enfantent	v
enfermement	n
enfermeraient	v
enfièvrent	v
enflamment	v
enflent	v
enfoncement	n
enfoncent	v
enfonçaient	v
enfouissement	n
enfuient	v
enfument	v
engageaient	v
engagement	n
engagent	v
engendrent	v
engloutissement	n
engouement	n
engouffraient	v
engoulevent	n
engourdissement	n
enivraient	v
enivrement	n
enivrent	v
enivrèrent	v
enjouement	n
enlacement	n
enlacent	v
enlacèrent	v
enlevaient	v
enlèvement	n
enlèvent	v
ennuient	v
enquêtent	v
enracinement	n
enregistrement	n
enregistrent	v
enrichissement	n
enrichissent	v
enrouent	v
ensanglantent	v
enseignement	n
enseignent	v
enseignèrent	v
ensemencent	v
ensoleillement	n
entablement	n
entachent	v
entaillent	v
entament	v
entassement	n
entassent	v
entendaient	v
entendement	n
entendent	v
entendrions	s
enterrement	n
entièrement	n
entonnèrent	v
entouraient	v
entourent	v
entraient	v
entrainement	n
entraînement	n
entraînent	v
entraînèrent	v
entrechoquent	v
entrecoupaient	v
entregent	n
entrelacent	v
entrent	v
entreprennent	v
entreraient	v
entretenaient	v
entretiennent	v
entrevoyaient	v
entrèrent	v
entêtement	n
entêteraient	v
envahissaient	v
envahissent	v
enveloppent	v
enviai	d
enviais	d
enviant	d
envier	d
enviera	d
enviez	d
environnaient	v
environnement	n
environnent	v
envisagent	v
envié	d
envoient	v
envoyaient	v
erraient	v
errent	v
errions	s
escaladent	v
escarpement	n
escient	n
escortaient	v
escroquent	v
espèrent	v
espéraient	v
espérions	s
esquivent	v
essaient	v
essayaient	v
essayent	v
essayèrent	v
essentiellement	n
essuient	v
estiez	s
estimaient	v
estiment	v
estoient	v
estompent	v
estropie	d
estropier	d
eurent	v
eussent	v
eussiez	s
exactement	n
exaltaient	v
exaltent	v
examinent	v
exceptionnellement	n
exceptions	s
excessivement	n
excitaient	v
excitent	v
excluent	v
exclusivement	n
excommunia	d
excommunie	d
excrément	n
excédent	n
exemptions	s
exercent	v
exerceraient	v
exhalaient	v
exhalent	v
exhibent	v
exigent	v
existaient	v
existent	v
expia	d
expiant	d
expie	d
expier	d
expierait	d
expirent	v
explicitement	n
expliquaient	v
expliquent	v
exploitent	v
explorent	v
explosent	v
explosions	s
exportent	v
exposent	v
expressément	n
exprimaient	v
expriment	v
expulsions	s
expédie	d
expédier	d
expédié	d
extasier	d
extasié	d
extraordinairement	n
extravaguent	v
extrêmement	n
extérieurement	n
exécutent	v
exécutions	s
fabriquent	v
facilement	n
facilitent	v
faiblement	n
faiblissent	v
faisaient	v
faisiez	s
faisions	s
falsifiez	d
falsifié	d
familièrement	n
fantasquement	n
farouchement	n
fascinent	v
fassent	v
fassiez	s
fassions	s
fastueusement	n
fatalement	n
fatiguent	v
faussement	n
favorablement	n
favorisent	v
feignaient	v
feignent	v
fendent	v
feraient	v
feriez	s
ferions	s
fermement	n
ferment	v
fermentaient	v
fermentent	v
ferraillaient	v
fervent	n
festinent	v
fichent	v
fidèlement	n
figement	n
figent	v
figuraient	v
figurent	v
filament	n
filent	v
filment	v
filtrent	v
finalement	n
financement	n
financent	v
financièrement	n
finement	n
finirent	v
finissent	v
firent	v
firmament	n
fiscalement	n
fissent	v
fissions	s
fixaient	v
fixement	n
fixent	v
fièrement	n
fié	d
fiévreusement	n
flagellent	v
flairaient	v
flairent	v
flambaient	v
flamboiement	n
flamboient	v
flamboyaient	v
flanquaient	v
flattent	v
fleurirent	v
fleurissaient	v
fleurissent	v
florissaient	v
flottaient	v
flottement	n
flottent	v
fléchissent	v
flétrirent	v
foisonnent	v
follement	n
folâtraient	v
folâtrent	v
foncièrement	n
fonctionnaient	v
fonctionnement	n
fonctionnent	v
fondaient	v
fondamentalement	n
fondement	n
fondent	v
fondèrent	v
forcement	n
forcent	v
forcément	n
formaient	v
formations	s
formellement	n
forment	v
formèrent	v
fortement	n
fortifie	d
fortifier	d
forçaient	v
fouaillaient	v
fouillaient	v
foulaient	v
foulent	v
fourmillaient	v
fourmillement	n
fourmillent	v
fournissent	v
foutent	v
fracassent	v
fractionnement	n
fragment	n
fraichement	n
franchement	n
franchissement	n
franchissent	v
frappaient	v
frappent	v
frappèrent	v
fraternellement	n
fraîchement	n
fredonnent	v
frileusement	n
frisent	v
frissonnaient	v
frissonnent	v
froidement	n
froissement	n
froment	n
frottement	n
frottent	v
fructifier	d
frémirent	v
frémissaient	v
frémissement	n
frémissent	v
fréquemment	n
fréquent	n
fréquentent	v
frôlaient	v
frôlement	n
frôlent	v
frôliez	s
fuient	v
fumaient	v
fument	v
fumions	s
furent	v
furieusement	n
furtivement	n
fusent	v
fusions	s
fussent	v
fussiez	s
fuyaient	v
fâchent	v
fébrilement	n
fécondent	v
férocement	n
fêtent	v
gagnaient	v
gagnent	v
gagneraient	v
gagnerions	s
gagnèrent	v
gaiement	n
gaillardement	n
gaiment	n
galamment	n
garantissent	v
gardaient	v
gardent	v
garnement	n
garnissaient	v
gauchement	n
gazouillaient	v
gazouillent	v
gaîment	n
geignent	v
geigniez	s
gent	n
gentiment	n
germent	v
giclaient	v
gigantesquement	n
gisement	n
gisent	v
glacent	v
glissaient	v
glissement	n
glissent	v
globalement	n
glorifie	d
glorifier	d
glorifié	d
glougloutaient	v
gonflaient	v
gonflement	n
gonflent	v
gorgent	v
goulûment	n
gouvernement	n
gouvernent	v
goûtent	v
goûtions	s
gracieusement	n
gradient	n
graduellement	n
grandement	n
grandirent	v
grandissent	v
graphiquement	n
grappillaient	v
grassement	n
grattent	v
gratuitement	n
gravaient	v
gravement	n
gravitent	v
gravèrent	v
grelottent	v
grimpaient	v
grimpent	v
grimpèrent	v
grincement	n
grincent	v
grinceraient	v
grinçaient	v
grièvement	n
grognaient	v
grognement	n
grondement	n
grondent	v
grossissaient	v
grossièrement	n
grouillaient	v
grouillement	n
grouillent	v
groupaient	v
groupement	n
gréement	n
gréions	s
guettaient	v
guettent	v
gueulaient	v
gueulent	v
guidaient	v
guident	v
guériraient	v
guérissent	v
gâtent	v
gèlent	v
gèrent	v
gémissement	n
gémissent	v
génèrent	v
généralement	n
généreusement	n
génétiquement	n
géographiquement	n
gênent	v
habilement	n
habillement	n
habillent	v
habitaient	v
habitent	v
habituellement	n
haineusement	n
haletèrent	v
hantaient	v
hantent	v
happent	v
harcèlement	n
hardiment	n
harmonieusement	n
hasardent	v
haussaient	v
haussent	v
haussèrent	v
hautement	n
haïssent	v
hennissent	v
hennissiez	s
heureusement	n
heurtaient	v
heurtent	v
hideusement	n
historiquement	n
honnêtement	n
honorent	v
honteusement	n
horizontalement	n
horriblement	n
horrifiant	d
horrifié	d
humainement	n
humblement	n
hument	v
humilia	d
humilie	d
humilier	d
humilions	d
humilié	d
hurlaient	v
hurlement	n
hurlent	v
hurleraient	v
hâtaient	v
hâtent	v
hébergement	n
hérissaient	v
hérissent	v
hésitent	v
identifie	d
identifient	dv
identifier	d
identifiez	d
identifié	d
idéalement	n
idéologiquement	n
ignoraient	v
ignorent	v
illuminaient	v
illuminent	v
illuminiez	s
illustrent	v
illégalement	n
imaginent	v
immanquablement	n
immensément	n
immortellement	n
immuablement	n
immédiatement	n
imparfaitement	n
impatiemment	n
impatient	n
imperturbablement	n
implicitement	n
impliquent	v
implorent	v
importaient	v
importent	v
imposent	v
impotent	n
imprudemment	n
imprudent	n
imprègnent	v
impudemment	n
impudent	n
impulsions	s
impunément	n
impérativement	n
impérieusement	n
incandescent	n
incantent	v
incarnent	v
incendia	d
incendiaient	dv
incendiant	d
incendier	d
incendié	d
incessamment	n
incident	n
incitent	v
inclinent	v
incluent	v
inclément	n
incohérent	n
incompétent	n
inconsciemment	n
inconscient	n
incontestablement	n
incontinent	n
inconvénient	n
incroyablement	n
incurvent	v
indifféremment	n
indifférent	n
indigent	n
indignement	n
indignent	v
indiquaient	v
indiquent	v
indirectement	n
individuellement	n
indolemment	n
indolent	n
indomptablement	n
indubitablement	n
indulgent	n
indécent	n
indéfiniment	n
indéniablement	n
indépendamment	n
indûment	n
ineffablement	n
inexorablement	n
infatigablement	n
infections	s
infiniment	n
influaient	v
influencent	v
informaient	v
informent	v
ingrédient	n
ingénument	n
inhérent	n
initialement	n
initie	d
initier	d
initié	d
injections	s
injuriait	d
injuriant	d
injustement	n
inlassablement	n
innocemment	n
innocent	n
innombrablement	n
inondaient	v
inondent	v
inonderaient	v
inondèrent	v
inquiètent	v
inquiétaient	v
inscrivent	v
insistent	v
insolent	n
inspections	s
inspirent	v
installent	v
instantanément	n
instinctivement	n
instruisent	v
instrument	n
insuffisamment	n
insultaient	v
insultent	v
intellectuellement	n
intelligemment	n
intelligent	n
intensifie	d
intensifier	d
intensément	n
intentionnellement	n
intentions	s
interagissent	v
interceptions	s
interdisent	v
intermittent	n
internationalement	n
internement	n
interpellent	v
interprètent	v
interrogeaient	v
interrogent	v
interrompaient	v
interrompent	v
intersections	s
interviennent	v
intimement	n
intriguent	v
intrinsèquement	n
introduisent	v
intègrent	v
intégralement	n
intéressaient	v
intéressement	n
intéressent	v
intérieurement	n
inutilement	n
invariablement	n
inventent	v
inventions	s
inversement	n
investissement	n
investissent	v
invitaient	v
invitent	v
invitiez	s
involontairement	n
invoquent	v
inépuisablement	n
inévitablement	n
iraient	v
iriez	s
irions	s
ironiquement	n
irradiaient	dv
irradiant	d
irradier	d
irritent	v
irrémédiablement	n
irréparablement	n
irrésistiblement	n
isolement	n
jacent	n
jaillissaient	v
jaillissement	n
jaillissent	v
jappent	v
jaunissent	v
jetaient	v
jettent	v
jetèrent	v
joignaient	v
joignent	v
joliment	n
jonchaient	v
jonchent	v
jonglent	v
jouaient	v
jouent	v
jouissent	v
jouèrent	v
joyeusement	n
judicieusement	n
jugement	n
jugent	v
jument	n
juraient	v
jurement	n
jurent	v
juridiquement	n
justement	n
justifiait	d
justifiant	d
justifie	d
justifient	dv
justifier	d
justifiez	d
laient	v
laissaient	v
laissent	v
laisseraient	v
laisseriez	s
laisserions	s
laissions	s
laissèrent	v
lamentablement	n
lancement	n
lancent	v
langoureusement	n
languissaient	v
languissamment	n
lançaient	v
lapident	v
largement	n
lassent	v
latent	n
latéralement	n
laurent	v
lavement	n
lavent	v
lent	n
lentement	n
lestement	n
levaient	v
lia	d
liait	d
lias	d
librement	n
libèrent	v
licenciement	n
licencier	d
lient	dv
lier	d
liez	d
ligament	n
limitent	v
liquéfie	d
lisent	v
lisions	s
littéralement	n
livraient	v
livrent	v
lié	d
localement	n
logement	n
logent	v
logiquement	n
lointainement	n
longuement	n
lorgnaient	v
lorgnèrent	v
lotissement	n
louaient	v
louent	v
lourdement	n
lugubrement	n
luisaient	v
luisent	v
lumineusement	n
lustraient	v
luttent	v
lutteraient	v
lâchement	n
lâchent	v
lèchent	v
lèvent	v
légalement	n
légitimement	n
léguaient	v
légèrement	n
lésions	s
magnifions	d
magnifiquement	n
magnétiquement	n
maintiennent	v
majestueusement	n
majoritairement	n
maladroitement	n
malaisément	n
malencontreusement	n
malheureusement	n
management	n
mangeaient	v
mangent	v
mangeraient	v
mangiez	s
mania	d
maniant	d
maniement	n
manier	d
maniez	d
manifestaient	v
manifestement	n
manifestent	v
manipulent	v
manquaient	v
manquement	n
manquent	v
manqueraient	v
manqueriez	s
manuellement	n
marbraient	v
marchaient	v
marchent	v
marchions	s
marchèrent	v
maria	d
mariaient	dv
mariait	d
mariant	d
marie	d
marient	dv
marier	d
maries	d
mariez	d
marquaient	v
marquent	v
massacrent	v
massivement	n
mastiquaient	v
mathématiquement	n
matériellement	n
maudissaient	v
maîtrisent	v
menacent	v
menaient	v
menaçaient	v
mendiait	d
mendier	d
mensuellement	n
mentalement	n
mentent	v
mentionnent	v
mentions	s
mentiraient	v
merveilleusement	n
mesurent	v
mettaient	v
mettent	v
mettraient	v
meurent	v
meuvent	v
miaulement	n
mignardement	n
militairement	n
militent	v
minutieusement	n
miraculeusement	n
miraient	v
mirent	v
miroitement	n
misent	v
missions	s
misérablement	n
mobilisent	v
modestement	n
modifiant	d
modifie	d
modifient	dv
modifier	d
modifié	d
modérément	n
mollement	n
moment	n
momentanément	n
mondialement	n
monotonement	n
montaient	v
montent	v
montiez	s
montions	s
montraient	v
montrent	v
monument	n
moquaient	v
moquent	v
moralement	n
mordaient	v
mordent	v
mordiez	s
mortellement	n
mouillaient	v
mouillent	v
moulaient	v
mouraient	v
mourions	s
mourraient	v
moururent	v
moussent	v
mouvaient	v
mouvement	n
moyennement	n
muent	v
mugissent	v
multipliaient	dv
multipliant	d
multiplie	d
multiplient	dv
multiplier	d
multiplieront	d
multiplié	d
murmuraient	v
murmurent	v
musicalement	n
mutuellement	n
mystérieusement	n
mâchonnement	n
mâchonnent	v
mènent	v
mécaniquement	n
méchamment	n
méconnurent	v
mécontent	n
mécontentement	n
médicalement	n
médicament	n
méditaient	v
méditent	v
méfier	d
mélancoliquement	n
mélangent	v
ménageaient	v
ménagement	n
méprisent	v
méritaient	v
méritent	v
mériteraient	v
mériterions	s
méthodiquement	n
mêlaient	v
mêlent	v
mêlèrent	v
mûrirent	v
mûrissent	v
nageaient	v
nagent	v
naissent	v
narguaient	v
narguent	v
naturellement	n
naïvement	n
nerveusement	n
nettement	n
nia	d
niait	d
niant	d
nichent	v
nichèrent	v
nie	d
nient	dv
nier	d
niez	d
nions	d
nivellement	n
nié	d
noblement	n
noient	v
noircissaient	v
nommaient	v
nomment	v
nommément	n
nonchalamment	n
normalement	n
notablement	n
notamment	n
notent	v
notifier	d
notifié	d
notions	s
notoirement	n
nourrissaient	v
nourrissent	v
nouvellement	n
nuisent	v
nuitamment	n
nullement	n
numériquement	n
nécessairement	n
nécessitent	v
négativement	n
négligemment	n
négocie	d
négocient	dv
négocier	d
négocié	d
objections	s
objectivement	n
obligatoirement	n
obligent	v
obscurcissent	v
obscurément	n
observaient	v
observent	v
obstinément	n
obtiennent	v
obéissent	v
occasionnellement	n
occident	n
occupaient	v
occupent	v
officiait	d
officie	d
officiellement	n
officieusement	n
offraient	v
offrent	v
offrions	s
ombragent	v
omissions	s
omniprésent	n
ondulent	v
onguent	n
opinions	s
opposaient	v
opposent	v
optent	v
options	s
opulent	n
opèrent	v
oralement	n
ordinairement	n
organisent	v
orient	n
orientent	v
originellement	n
ornement	n
ornent	v
osaient	v
osent	v
osiez	s
ostensiblement	n
osèrent	v
oublia	d
oubliai	d
oubliaient	dv
oubliais	d
oubliait	d
oubliant	d
oublient	dv
oublier	d
oubliera	d
oublierai	d
oublieraient	dv
oublierait	d
oublierons	d
oublieront	d
oublies	d
oubliez	d
oublions	d
outragent	v
ouvertement	n
ouvraient	v
ouvrent	v
ouvrirent	v
pacifier	d
pacifiquement	n
paiement	n
paient	v
paisiblement	n
paissaient	v
paissent	v
pallier	d
palpitaient	v
palpitent	v
pansement	n
paradoxalement	n
paraissaient	v
paraissent	v
parallèlement	n
paravent	n
parcouraient	v
parcourent	v
parcouriez	s
pareillement	n
parement	n
parfaitement	n
parfumaient	v
parfument	v
parias	d
parie	d
parier	d
parié	d
parlaient	v
parlement	n
parlent	v
parliez	s
parlions	s
parlèrent	v
parodies	d
parsèment	v
partageaient	v
partagent	v
partagions	s
partagèrent	v
partaient	v
partent	v
participaient	v
participent	v
particulièrement	n
partiellement	n
partirent	v
parurent	v
parvenaient	v
parviennent	v
passablement	n
passaient	v
passent	v
passeraient	v
passiez	s
passionnément	n
passions	s
passèrent	v
pataugeaient	v
patent	n
patiemment	n
patient	n
payaient	v
payement	n
payent	v
peignent	v
peinent	v
penchaient	v
penchent	v
penchions	s
pendaient	v
pendent	v
pensaient	v
pensent	v
pensiez	s
pensions	s
percent	v
perchèrent	v
perdaient	v
perdent	v
perdirent	v
perfectionnement	n
perfectionnent	v
permanent	n
permettaient	v
permettent	v
permettraient	v
permirent	v
permissions	s
perpétuellement	n
persistent	v
personnellement	n
persécutions	s
pertinemment	n
pertinent	n
perturbent	v
perçaient	v
perçoivent	v
pesaient	v
pesamment	n
peuplaient	v
peuplement	n
peuplent	v
peuvent	v
philosophiquement	n
phosphorescent	n
photographier	d
photographié	d
physiquement	n
piaffent	v
picoraient	v
pieusement	n
pigment	n
pillaient	v
pillent	v
piment	n
pincement	n
piquent	v
piteusement	n
pivotaient	v
placement	n
placent	v
plafonnement	n
plaident	v
plaignaient	v
plaignent	v
plaisaient	v
plaisantaient	v
plaisent	v
planent	v
planifie	d
planifier	d
planifié	d
pleinement	n
pleuraient	v
pleurent	v
pleuriez	s
pleurions	s
pleuvaient	v
pleuvent	v
plia	d
pliaient	dv
pliait	d
plient	dv
plier	d
plions	d
plissent	v
ploient	v
plongeaient	v
plongent	v
plongiez	s
plongèrent	v
poignent	v
pointent	v
poliment	n
polissent	v
politiquement	n
polluaient	v
polyvalent	n
pompeusement	n
ponctuellement	n
pondent	v
portaient	v
portent	v
portiez	s
portions	s
portèrent	v
posaient	v
posent	v
positionnement	n
positivement	n
possiblement	n
possèdent	v
possédaient	v
postent	v
postérieurement	n
posèrent	v
potentiellement	n
pourchassent	v
pourraient	v
pourriez	s
pourrions	s
pourrissent	v
poursuivaient	v
poursuivent	v
poursuivions	s
poussaient	v
poussent	v
pouvaient	v
pouviez	s
pouvions	s
pratiquaient	v
pratiquement	n
pratiquent	v
premièrement	n
prenaient	v
prendraient	v
preniez	s
prenions	s
prennent	v
pressaient	v
pressent	v
pressentiment	n
pressiez	s
pressions	s
prestement	n
pria	d
priai	d
priaient	dv
priais	d
priait	d
prie	d
prient	dv
prier	d
prierons	d
pries	d
priez	d
principalement	n
prioritairement	n
prirent	v
prisent	v
prisèrent	v
privent	v
privilégiant	d
privilégie	d
privilégient	dv
privilégier	d
prié	d
probablement	n
prochainement	n
proclamaient	v
proclament	v
proclamèrent	v
procurent	v
procèdent	v
prodiguaient	v
prodiguassent	v
prodiguent	v
produisaient	v
produisent	v
profanent	v
professionnellement	n
professions	s
profitent	v
profondément	n
progressent	v
progressivement	n
projettent	v
prolongeaient	v
prolongement	n
prolongent	v
promenions	s
promettent	v
promptement	n
promènent	v
prononcent	v
prononciez	s
prononcèrent	v
propagent	v
prophétiquement	n
proportionnellement	n
proposaient	v
proposent	v
proprement	n
prospèrent	v
protestent	v
protègent	v
protégiez	s
prouvent	v
provenaient	v
proviennent	v
provisoirement	n
provoquent	v
prudemment	n
prudent	n
préalablement	n
précieusement	n
précipitamment	n
précipitent	v
précisent	v
précisions	s
précisément	n
préconisent	v
précèdent	v
précédaient	v
précédemment	n
précédent	n
prédisaient	v
préfèrent	v
préféraient	v
prélèvement	n
prématurément	n
préoccupent	v
préparaient	v
préparent	v
présagent	v
présent	n
présentaient	v
présentement	n
présentent	v
prétendaient	v
prétendent	v
prétendiez	s
prétendument	n
préviennent	v
prévoient	v
prévoyaient	v
prêchent	v
prêtaient	v
prêtent	v
prônent	v
psalmodiant	d
psalmodier	d
psalmodié	d
pschent	n
psychologiquement	n
publia	d
publiait	d
publie	d
publient	dv
publier	d
publiera	d
publions	d
publiquement	n
publié	d
puent	v
puisent	v
puisions	s
puissamment	n
puissent	v
puissiez	s
puissions	s
puisèrent	v
pullulent	v
pulsions	s
purement	n
purent	v
purifie	d
purifier	d
pussent	v
pâlirent	v
pâlissaient	v
pâlissent	v
pâmaient	v
pâment	v
pâturaient	v
pâturent	v
pèsent	v
pèseraient	v
pètent	v
pédalent	v
pénalement	n
péniblement	n
pénitent	n
pénètrent	v
pénétraient	v
périodiquement	n
périrent	v
périssent	v
pétillement	n
pétillent	v
pétrifie	d
pétrifié	d
pétrirent	v
qualifiait	d
qualifiant	d
qualifie	d
qualifient	dv
qualifier	d
qualifié	d
quantifier	d
quasiment	n
questionnement	n
questionnent	v
quittent	v
quittèrent	v
quotidiennement	n
quotient	n
quêtent	v
rabattaient	v
raccordement	n
racontaient	v
racontent	v
radicalement	n
radié	d
raffinement	n
rafraîchissaient	v
rafraîchissement	n
rageusement	n
raidissement	n
raient	v
raillent	v
raisonnablement	n
raisonnement	n
ralentissement	n
ralentissent	v
rallie	d
ralliement	n
rallier	d
ralliez	d
rallié	d
rallument	v
rallumeraient	v
ramassent	v
rameniez	s
rampaient	v
rampent	v
ramènent	v
rangement	n
rangent	v
raniment	v
rapatriement	n
rapatrier	d
rapatrié	d
rapidement	n
rappelaient	v
rappellent	v
rapportent	v
rapprochement	n
rapprochent	v
rarement	n
rasent	v
rassasie	d
rassemblement	n
rassemblent	v
rassurent	v
ratent	v
ratifier	d
ratifié	d
rationnellement	n
rationnement	n
rations	s
rattachement	n
rattachent	v
ravissement	n
ravissent	v
ravitaillement	n
ravivent	v
rayent	v
rayonnaient	v
rayonnement	n
rayonnent	v
rebattaient	v
rebondissement	n
recensement	n
recevaient	v
recherchent	v
reclassement	n
recommandent	v
recommencent	v
reconnaissaient	v
reconnaissent	v
reconnaîtraient	v
reconstruisent	v
recopier	d
recouvraient	v
recouvrement	n
recouvrent	v
recrutement	n
recrutent	v
rectifier	d
rectifié	d
recueillement	n
recueillent	v
reculent	v
recèlent	v
redemandent	v
redescendions	s
redirent	v
redonnions	s
redoublement	n
redoutent	v
redressaient	v
redressement	n
redressent	v
reflètent	v
refoulement	n
refroidissement	n
refusaient	v
refusent	v
regagnaient	v
regagnent	v
regagnerions	s
regardaient	v
regardent	v
regardions	s
regardèrent	v
regorgent	v
regrettent	v
regroupement	n
regroupent	v
rejaillissent	v
rejettent	v
rejoignent	v
relaient	v
relations	s
relativement	n
relent	n
relevaient	v
reliant	d
relie	d
relient	dv
relier	d
religieusement	n
relié	d
reluisent	v
relâchement	n
relèvement	n
relèvent	v
remaniement	n
remanié	d
remarier	d
remarquablement	n
remarquent	v
remboursement	n
remerciant	d
remercie	d
remerciement	n
remercient	dv
remercier	d
remercierai	d
remerciez	d
remercions	d
remercié	d
remercîment	n
remettent	v
remirent	v
remontent	v
remontions	s
remplacement	n
remplacent	v
remplaceraient	v
remplirent	v
remplissaient	v
remplissent	v
remportent	v
remuaient	v
remuent	v
remédier	d
remémoraient	v
renaissent	v
rencontraient	v
rencontrent	v
rencontrèrent	v
rendaient	v
rendement	n
rendent	v
rendiez	s
rendirent	v
rendraient	v
renferment	v
renforcement	n
renforcent	v
reniait	d
reniant	d
renie	d
renier	d
reniflaient	v
renié	d
renommaient	v
renoncement	n
renoncent	v
renouvellement	n
renouvellent	v
renseignement	n
rentraient	v
rentrent	v
renversaient	v
renversement	n
renversent	v
renvoient	v
renvoyaient	v
renégocier	d
repaissent	v
reparlent	v
repartent	v
replacent	v
repliant	d
replie	d
repliement	n
replier	d
replié	d
reposaient	v
reposent	v
reposions	s
repoussaient	v
repoussent	v
reprenaient	v
reprennent	v
reprirent	v
reprochent	v
reproduisent	v
représentaient	v
représentent	v
requièrent	v
respectent	v
respectivement	n
respectueusement	n
respiraient	v
respirent	v
respirions	s
resplendissement	n
ressemblaient	v
ressemblent	v
ressentent	v
ressentiment	n
resserrement	n
resserrent	v
ressortent	v
ressuscitent	v
restaient	v
restent	v
resteraient	v
resterions	s
restions	s
restèrent	v
retardement	n
retardent	v
retentissement	n
retentissent	v
retiennent	v
retirent	v
retombent	v
retournement	n
retournent	v
retracent	v
retranchement	n
retrouvaient	v
retrouvent	v
retrouvèrent	v
revenaient	v
revendiquent	v
revenions	s
reverdissent	v
reverrions	s
reviennent	v
revirement	n
revivent	v
revêtement	n
reçoivent	v
reçurent	v
riaient	v
ricanement	n
ricanent	v
richement	n
ridiculement	n
rient	v
riez	s
rigidement	n
rigolent	v
rigoureusement	n
rions	s
rirent	v
risquaient	v
risquent	v
rivalisent	v
roidissent	v
rompent	v
rondement	n
rongeaient	v
rongent	v
roucoulement	n
roucoulent	v
roucouliez	s
rougeoient	v
rougissaient	v
rougissent	v
rouillent	v
roulaient	v
roulement	n
roulent	v
rouliez	s
roulions	s
royalement	n
ruaient	v
rudement	n
rudiment	n
ruent	v
rugissement	n
rugissent	v
ruisselaient	v
ruissellement	n
ruissellent	v
ruisselèrent	v
ruminent	v
rutilement	n
râclent	v
râlaient	v
râlement	n
râlent	v
règlement	n
règlent	v
règnent	v
réagissent	v
réalisent	v
réaménagement	n
récemment	n
récent	n
réchauffement	n
récipient	n
réciproquement	n
récitaient	v
récitiez	s
réclamaient	v
réclament	v
réclamèrent	v
récoltent	v
réconcilie	d
réconcilier	d
récrier	d
récrié	d
récupèrent	v
récurrent	n
rédigèrent	v
réduisent	v
réellement	n
réfléchissent	v
réfugie	d
réfugier	d
réfugions	d
réfèrent	v
référencement	n
référent	n
régent	n
régissent	v
réglement	n
régnaient	v
régulièrement	n
réjouissent	v
répandent	v
répandirent	v
répartissent	v
répertorie	d
répondaient	v
répondent	v
réprouvent	v
répètent	v
répétaient	v
répéteriez	s
répétions	s
réservent	v
résilier	d
résilié	d
résistent	v
résolument	n
résolurent	v
résonnent	v
résultent	v
résument	v
rétablissement	n
réticent	n
rétrospectivement	n
rétrécissement	n
réunissent	v
réussirent	v
réussissent	v
réveillent	v
réveilliez	s
réverbèrent	v
révisions	s
révoltent	v
révèlent	v
révèrent	v
rêvaient	v
rêvent	v
rêveusement	n
rêvions	s
rôdaient	v
rôdent	v
rôtissent	v
sablaient	v
sablent	v
sabrent	v
saccageaient	v
sachent	v
sachiez	s
sacrement	n
sacrifiait	d
sacrifiant	d
sacrifie	d
sacrifier	d
sacrément	n
sagement	n
saignaient	v
saignement	n
saignent	v
saillent	v
sainement	n
saintement	n
saisiraient	v
saisissement	n
saisissent	v
salement	n
saluent	v
sanctifier	d
sanctifiez	d
sanglotent	v
sarment	n
saucèrent	v
sauraient	v
sauriez	s
saurions	s
sautaient	v
sautent	v
sautillement	n
sauvagement	n
sauvaient	v
sauvent	v
sauvions	s
sauvèrent	v
savaient	v
savamment	n
savent	v
saviez	s
savions	s
sciais	d
sciemment	n
scientifiquement	n
scier	d
scintillement	n
scintillent	v
scrupuleusement	n
secondent	v
secouaient	v
secouraient	v
secourent	v
secrètement	n
segment	n
semblablement	n
semblaient	v
semblent	v
semblèrent	v
sensiblement	n
sentaient	v
sentent	v
sentiment	n
sentions	s
sentiraient	v
sentirent	v
sentirions	s
seraient	v
sereinement	n
sergent	n
seriez	s
serions	s
serment	n
serpent	n
serpentent	v
serraient	v
serrement	n
serrent	v
servaient	v
servent	v
servilement	n
seulement	n
sexuellement	n
sifflaient	v
sifflement	n
sifflent	v
signalement	n
signalent	v
signent	v
signifiait	d
significativement	n
signifie	d
signifient	dv
signifier	d
signifierait	d
silencieusement	n
silent	v
sillonnaient	v
sillonnent	v
simplement	n
simplifie	d
simplifier	d
simplifié	d
simultanément	n
sincèrement	n
singulièrement	n
sinistrement	n
situent	v
siègent	v
siégeaient	v
skier	d
sobrement	n
socialement	n
soient	v
soignent	v
soigneusement	n
solennellement	n
solidement	n
sollicitent	v
sombrent	v
sommairement	n
sommeillent	v
sondent	v
songeaient	v
songent	v
songiez	s
songions	s
sonnaient	v
sonnent	v
sonneraient	v
sonniez	s
sortaient	v
sortent	v
sortirent	v
sottement	n
soubassement	n
soucie	d
soucient	dv
soucier	d
soudainement	n
soufflent	v
souffraient	v
souffrent	v
souhaitaient	v
souhaitent	v
souhaiteraient	v
souillaient	v
souillent	v
souillèrent	v
soulagement	n
soulaient	v
soulevaient	v
soulignent	v
soulèvement	n
soulèvent	v
soumettent	v
soumissions	s
soupirent	v
soupçonnent	v
sourdement	n
souriaient	v
sourient	v
souriez	s
sourirent	v
soutenaient	v
souterrainement	n
soutiennent	v
souvent	n
soûlent	v
spirituellement	n
splendidement	n
spontanément	n
spécialement	n
spécifie	d
spécifier	d
spécifiquement	n
spécifié	d
stagnent	v
stationnement	n
statistiquement	n
stoïquement	n
stratégiquement	n
strictement	n
strident	n
structurellement	n
suaient	v
subconscient	n
subdivisions	s
subirent	v
subissent	v
subitement	n
submergent	v
subsistent	v
subtilement	n
successivement	n
succombent	v
succulent	n
succèdent	v
succédaient	v
sucent	v
suent	v
suffisamment	n
suffisent	v
suggèrent	v
suintent	v
suivaient	v
suivent	v
suivions	s
suivirent	v
suivriez	s
superbement	n
supplia	d
supplie	d
supplier	d
supplié	d
supplément	n
supportent	v
supposent	v
supposément	n
suppriment	v
surement	n
surendettement	n
surgissaient	v
surgissent	v
surnagèrent	v
surprennent	v
surprirent	v
surveillent	v
surviennent	v
survivent	v
survêtement	n
suscitent	v
suspendent	v
symboliquement	n
symbolisent	v
sympathiquement	n
systématiquement	n
sèchement	n
sèchent	v
sèment	v
séchaient	v
sécrétions	s
séduisent	v
séjournent	v
séparent	v
séparèrent	v
séparément	n
sérieusement	n
sévèrement	n
sûrement	n
tachaient	v
taillent	v
taisaient	v
taisent	v
taisions	s
tapaient	v
tapent	v
tapiez	s
tardent	v
tardivement	n
tarissaient	v
tassaient	v
tassement	n
techniquement	n
tellement	n
temporairement	n
tempérament	n
tenaient	v
tendaient	v
tendent	v
tendissent	v
tendrement	n
tenions	s
tentaient	v
tentent	v
terminaient	v
terminent	v
terrassement	n
terriblement	n
terrifié	d
testament	n
testent	v
théoriquement	n
tiennent	v
timidement	n
tintaient	v
tintement	n
tintent	v
tiraient	v
tirent	v
tiriez	s
tirèrent	v
tisonnent	v
tiédissent	v
tombaient	v
tombent	v
tombèrent	v
tondaient	v
tordaient	v
tordent	v
tordraient	v
torrent	n
totalement	n
touchaient	v
touchent	v
toucheraient	v
tourment	n
tourmentaient	v
tourmentent	v
tournaient	v
tournent	v
tourneraient	v
tourniez	s
tournions	s
tournoiement	n
tournoient	v
tournoyaient	v
tracent	v
traditionnellement	n
traduisent	v
tragiquement	n
trahissent	v
traitaient	v
traitement	n
traitent	v
trament	v
tranquillement	n
transbordement	n
transforment	v
transitions	s
transmettent	v
transmissions	s
transparent	n
transportent	v
travaillaient	v
travaillassent	v
travaillent	v
traversaient	v
traversent	v
traversions	s
traversèrent	v
traînaient	v
traînent	v
traîneraient	v
traînèrent	v
tremblaient	v
tremblement	n
tremblent	v
trempent	v
tressaillement	n
tressaillent	v
tressions	s
trias	d
trident	n
trie	d
trier	d
triez	d
triomphaient	v
triomphalement	n
triomphent	v
tristement	n
troisièmement	n
trompaient	v
trompent	v
trompèrent	v
troublaient	v
troublent	v
trouvaient	v
trouvent	v
trouveraient	v
trouviez	s
trouvions	s
trouvèrent	v
trônent	v
tuent	v
turbinent	v
turbulent	n
turent	v
typiquement	n
tâchaient	v
tâchent	v
tâchiez	s
tâtaient	v
tâtonnement	n
téléchargement	n
télévisions	s
témoignent	v
tétaient	v
ultimement	n
ultérieurement	n
ululent	v
unanimement	n
unifier	d
unifié	d
uniformément	n
unilatéralement	n
uniment	n
uniquement	n
unirent	v
unissaient	v
unissent	v
universellement	n
usent	v
usurpent	v
usèrent	v
utilement	n
utilisaient	v
utilisent	v
vachement	n
vacillent	v
vaguaient	v
vaguement	n
vaguent	v
vainement	n
valaient	v
valent	v
vantent	v
vantiez	s
varie	d
varient	dv
varier	d
variez	d
vaudraient	v
vautreraient	v
veillaient	v
veillent	v
veloutent	v
venaient	v
vendaient	v
vendent	v
vendirent	v
vengent	v
vengèrent	v
venions	s
vent	n
verbalement	n
verdoiement	n
verdoyaient	v
vernissent	v
verraient	v
verriez	s
verrions	s
versaient	v
versement	n
versent	v
versiez	s
versifie	d
versions	s
versèrent	v
verticalement	n
veuillent	v
veulent	v
vibraient	v
vibrent	v
vibrions	s
victorieusement	n
vidaient	v
vident	v
vieillissement	n
vieillissent	v
vieillissions	s
viendraient	v
viennent	v
vigoureusement	n
vinrent	v
vinssent	v
violemment	n
virement	n
virent	v
virtuellement	n
virulent	n
visaient	v
visent	v
visiblement	n
visions	s
visitent	v
vissent	v
vissions	s
visuellement	n
vitreusement	n
vivaient	v
vivement	n
vivent	v
viviez	s
vivifier	d
vivions	s
voguent	v
voient	v
voilaient	v
voilent	v
volaient	v
volent	v
volions	s
volontairement	n
voltigent	v
vomissement	n
vomissent	v
votent	v
vouaient	v
voudraient	v
voudriez	s
voudrions	s
voulaient	v
vouliez	s
voulions	s
voulurent	v
voyageaient	v
voyagent	v
voyaient	v
vraiment	n
vraisemblablement	n
vrillent	v
vécurent	v
végètent	v
véhément	n
vérifiant	d
vérifie	d
vérifient	dv
vérifier	d
vérifiez	d
vérifié	d
véritablement	n
vêtaient	v
vêtement	n
âprement	n
éblouissement	n
éblouissent	v
éboulement	n
ébranlement	n
ébranlent	v
écartaient	v
écartement	n
écartent	v
écartèlent	v
écartèrent	v
échangeaient	v
échangent	v
échappaient	v
échappement	n
échappent	v
échauffement	n
échouent	v
éclairaient	v
éclairassent	v
éclaircirent	v
éclairent	v
éclataient	v
éclatement	n
éclatent	v
éclosent	v
économiquement	n
écoulement	n
écoulent	v
écoutaient	v
écoutent	v
écoutiez	s
écoutions	s
écrasement	n
écrasent	v
écrier	d
écrivaient	v
écrivent	v
écrié	d
écroulement	n
écroulent	v
écrouleraient	v
édifie	d
édifier	d
édifié	d
éditions	s
égalaient	v
également	n
égalent	v
égarement	n
égayaient	v
égorgement	n
égratignaient	v
égrènent	v
élaborent	v
élancent	v
élancèrent	v
élançaient	v
élargissaient	v
élargissement	n
élevaient	v
élie	d
élisent	v
éloignaient	v
éloignement	n
éloignent	v
éloignèrent	v
éloquemment	n
éloquent	n
élèvent	v
élégamment	n
élément	n
émacier	d
émaillent	v
émanent	v
émerveillement	n
émettent	v
émeuvent	v
éminemment	n
éminent	n
émissions	s
émotionnellement	n
émoustillent	v
émurent	v
énergiquement	n
énervement	n
énervent	v
énormément	n
épaississent	v
épanchent	v
épandent	v
épanouissement	n
épargnent	v
épellent	v
éperdument	n
éperonnent	v
épiait	d
épiant	d
épie	d
épier	d
épié	d
épouvantablement	n
épouvantent	v
éprouvent	v
épuisement	n
épuisent	v
équipement	n
équipèrent	v
équitablement	n
érigent	v
établirent	v
établissement	n
établissent	v
étageaient	v
étaient	v
étalaient	v
étalement	n
étalent	v
étament	v
éteignaient	v
éteignent	v
étendaient	v
étendent	v
étendirent	v
éternellement	n
étiez	s
étincelaient	v
étincellement	n
étincellent	v
étions	s
étiraient	v
étirent	v
étoilaient	v
étonnaient	v
étonnamment	n
étonnement	n
étonnent	v
étonneraient	v
étouffaient	v
étouffement	n
étouffèrent	v
étrangement	n
étranglaient	v
étranglement	n
étranglent	v
étreignent	v
étroitement	n
étudia	d
étudiai	d
étudiaient	dv
étudiait	d
étudie	d
étudient	dv
étudier	d
étudiez	d
étudions	d
étudié	d
évaluent	v
évanouissement	n
éveillaient	v
éveillent	v
évent	n
éventaient	v
éventuellement	n
évidemment	n
évitement	n
évitent	v
évoluent	v
évoquent	v
évènement	n
événement	n
œuvrent	v
